<component name="libraryTable">
  <library name="Dart Packages" type="DartPackagesLibraryType">
    <properties>
      <option name="packageNameToDirsMap">
        <entry key="async">
          <value>
            <list>
              <option value="$PROJECT_DIR$/../../2_SDK/flutter_windows_2.10.5-stable/flutter/.pub-cache/hosted/pub.dartlang.org/async-2.8.2/lib" />
            </list>
          </value>
        </entry>
        <entry key="boolean_selector">
          <value>
            <list>
              <option value="$PROJECT_DIR$/../../2_SDK/flutter_windows_2.10.5-stable/flutter/.pub-cache/hosted/pub.dartlang.org/boolean_selector-2.1.0/lib" />
            </list>
          </value>
        </entry>
        <entry key="characters">
          <value>
            <list>
              <option value="$PROJECT_DIR$/../../2_SDK/flutter_windows_2.10.5-stable/flutter/.pub-cache/hosted/pub.dartlang.org/characters-1.2.0/lib" />
            </list>
          </value>
        </entry>
        <entry key="charcode">
          <value>
            <list>
              <option value="$PROJECT_DIR$/../../2_SDK/flutter_windows_2.10.5-stable/flutter/.pub-cache/hosted/pub.dartlang.org/charcode-1.3.1/lib" />
            </list>
          </value>
        </entry>
        <entry key="clock">
          <value>
            <list>
              <option value="$PROJECT_DIR$/../../2_SDK/flutter_windows_2.10.5-stable/flutter/.pub-cache/hosted/pub.dartlang.org/clock-1.1.0/lib" />
            </list>
          </value>
        </entry>
        <entry key="collection">
          <value>
            <list>
              <option value="$PROJECT_DIR$/../../2_SDK/flutter_windows_2.10.5-stable/flutter/.pub-cache/hosted/pub.dartlang.org/collection-1.15.0/lib" />
            </list>
          </value>
        </entry>
        <entry key="crypto">
          <value>
            <list>
              <option value="$PROJECT_DIR$/../../2_SDK/flutter_windows_2.10.5-stable/flutter/.pub-cache/hosted/pub.dartlang.org/crypto-3.0.2/lib" />
            </list>
          </value>
        </entry>
        <entry key="cupertino_icons">
          <value>
            <list>
              <option value="$PROJECT_DIR$/../../2_SDK/flutter_windows_2.10.5-stable/flutter/.pub-cache/hosted/pub.dartlang.org/cupertino_icons-1.0.5/lib" />
            </list>
          </value>
        </entry>
        <entry key="easy_dialog">
          <value>
            <list>
              <option value="$PROJECT_DIR$/../../2_SDK/flutter_windows_2.10.5-stable/flutter/.pub-cache/hosted/pub.dartlang.org/easy_dialog-1.1.1/lib" />
            </list>
          </value>
        </entry>
        <entry key="fake_async">
          <value>
            <list>
              <option value="$PROJECT_DIR$/../../2_SDK/flutter_windows_2.10.5-stable/flutter/.pub-cache/hosted/pub.dartlang.org/fake_async-1.2.0/lib" />
            </list>
          </value>
        </entry>
        <entry key="ffi">
          <value>
            <list>
              <option value="$PROJECT_DIR$/../../2_SDK/flutter_windows_2.10.5-stable/flutter/.pub-cache/hosted/pub.dartlang.org/ffi-1.2.1/lib" />
            </list>
          </value>
        </entry>
        <entry key="file">
          <value>
            <list>
              <option value="$PROJECT_DIR$/../../2_SDK/flutter_windows_2.10.5-stable/flutter/.pub-cache/hosted/pub.dartlang.org/file-6.1.4/lib" />
            </list>
          </value>
        </entry>
        <entry key="flutter">
          <value>
            <list>
              <option value="$PROJECT_DIR$/../../2_SDK/flutter_windows_2.10.5-stable/flutter/packages/flutter/lib" />
            </list>
          </value>
        </entry>
        <entry key="flutter_easyloading">
          <value>
            <list>
              <option value="$PROJECT_DIR$/../../2_SDK/flutter_windows_2.10.5-stable/flutter/.pub-cache/hosted/pub.dartlang.org/flutter_easyloading-3.0.5/lib" />
            </list>
          </value>
        </entry>
        <entry key="flutter_lints">
          <value>
            <list>
              <option value="$PROJECT_DIR$/../../2_SDK/flutter_windows_2.10.5-stable/flutter/.pub-cache/hosted/pub.dartlang.org/flutter_lints-1.0.4/lib" />
            </list>
          </value>
        </entry>
        <entry key="flutter_screenutil">
          <value>
            <list>
              <option value="$PROJECT_DIR$/../../2_SDK/flutter_windows_2.10.5-stable/flutter/.pub-cache/hosted/pub.dartlang.org/flutter_screenutil-5.6.0/lib" />
            </list>
          </value>
        </entry>
        <entry key="flutter_spinkit">
          <value>
            <list>
              <option value="$PROJECT_DIR$/../../2_SDK/flutter_windows_2.10.5-stable/flutter/.pub-cache/hosted/pub.dartlang.org/flutter_spinkit-5.1.0/lib" />
            </list>
          </value>
        </entry>
        <entry key="flutter_test">
          <value>
            <list>
              <option value="$PROJECT_DIR$/../../2_SDK/flutter_windows_2.10.5-stable/flutter/packages/flutter_test/lib" />
            </list>
          </value>
        </entry>
        <entry key="flutter_web_plugins">
          <value>
            <list>
              <option value="$PROJECT_DIR$/../../2_SDK/flutter_windows_2.10.5-stable/flutter/packages/flutter_web_plugins/lib" />
            </list>
          </value>
        </entry>
        <entry key="flutter_zoom_drawer">
          <value>
            <list>
              <option value="$PROJECT_DIR$/../../2_SDK/flutter_windows_2.10.5-stable/flutter/.pub-cache/git/flutter_zoom_drawer-c589284ded5936e900f5aeec3684342efba134d3//lib" />
            </list>
          </value>
        </entry>
        <entry key="get">
          <value>
            <list>
              <option value="$PROJECT_DIR$/../../2_SDK/flutter_windows_2.10.5-stable/flutter/.pub-cache/hosted/pub.dartlang.org/get-4.6.5/lib" />
            </list>
          </value>
        </entry>
        <entry key="google_fonts">
          <value>
            <list>
              <option value="$PROJECT_DIR$/../../2_SDK/flutter_windows_2.10.5-stable/flutter/.pub-cache/hosted/pub.dartlang.org/google_fonts-3.0.1/lib" />
            </list>
          </value>
        </entry>
        <entry key="http">
          <value>
            <list>
              <option value="$PROJECT_DIR$/../../2_SDK/flutter_windows_2.10.5-stable/flutter/.pub-cache/hosted/pub.dartlang.org/http-0.13.5/lib" />
            </list>
          </value>
        </entry>
        <entry key="http_parser">
          <value>
            <list>
              <option value="$PROJECT_DIR$/../../2_SDK/flutter_windows_2.10.5-stable/flutter/.pub-cache/hosted/pub.dartlang.org/http_parser-4.0.2/lib" />
            </list>
          </value>
        </entry>
        <entry key="js">
          <value>
            <list>
              <option value="$PROJECT_DIR$/../../2_SDK/flutter_windows_2.10.5-stable/flutter/.pub-cache/hosted/pub.dartlang.org/js-0.6.3/lib" />
            </list>
          </value>
        </entry>
        <entry key="lints">
          <value>
            <list>
              <option value="$PROJECT_DIR$/../../2_SDK/flutter_windows_2.10.5-stable/flutter/.pub-cache/hosted/pub.dartlang.org/lints-1.0.1/lib" />
            </list>
          </value>
        </entry>
        <entry key="matcher">
          <value>
            <list>
              <option value="$PROJECT_DIR$/../../2_SDK/flutter_windows_2.10.5-stable/flutter/.pub-cache/hosted/pub.dartlang.org/matcher-0.12.11/lib" />
            </list>
          </value>
        </entry>
        <entry key="material_color_utilities">
          <value>
            <list>
              <option value="$PROJECT_DIR$/../../2_SDK/flutter_windows_2.10.5-stable/flutter/.pub-cache/hosted/pub.dartlang.org/material_color_utilities-0.1.3/lib" />
            </list>
          </value>
        </entry>
        <entry key="meta">
          <value>
            <list>
              <option value="$PROJECT_DIR$/../../2_SDK/flutter_windows_2.10.5-stable/flutter/.pub-cache/hosted/pub.dartlang.org/meta-1.7.0/lib" />
            </list>
          </value>
        </entry>
        <entry key="path">
          <value>
            <list>
              <option value="$PROJECT_DIR$/../../2_SDK/flutter_windows_2.10.5-stable/flutter/.pub-cache/hosted/pub.dartlang.org/path-1.8.0/lib" />
            </list>
          </value>
        </entry>
        <entry key="path_provider">
          <value>
            <list>
              <option value="$PROJECT_DIR$/../../2_SDK/flutter_windows_2.10.5-stable/flutter/.pub-cache/hosted/pub.dartlang.org/path_provider-2.0.11/lib" />
            </list>
          </value>
        </entry>
        <entry key="path_provider_android">
          <value>
            <list>
              <option value="$PROJECT_DIR$/../../2_SDK/flutter_windows_2.10.5-stable/flutter/.pub-cache/hosted/pub.dartlang.org/path_provider_android-2.0.21/lib" />
            </list>
          </value>
        </entry>
        <entry key="path_provider_ios">
          <value>
            <list>
              <option value="$PROJECT_DIR$/../../2_SDK/flutter_windows_2.10.5-stable/flutter/.pub-cache/hosted/pub.dartlang.org/path_provider_ios-2.0.11/lib" />
            </list>
          </value>
        </entry>
        <entry key="path_provider_linux">
          <value>
            <list>
              <option value="$PROJECT_DIR$/../../2_SDK/flutter_windows_2.10.5-stable/flutter/.pub-cache/hosted/pub.dartlang.org/path_provider_linux-2.1.7/lib" />
            </list>
          </value>
        </entry>
        <entry key="path_provider_macos">
          <value>
            <list>
              <option value="$PROJECT_DIR$/../../2_SDK/flutter_windows_2.10.5-stable/flutter/.pub-cache/hosted/pub.dartlang.org/path_provider_macos-2.0.6/lib" />
            </list>
          </value>
        </entry>
        <entry key="path_provider_platform_interface">
          <value>
            <list>
              <option value="$PROJECT_DIR$/../../2_SDK/flutter_windows_2.10.5-stable/flutter/.pub-cache/hosted/pub.dartlang.org/path_provider_platform_interface-2.0.5/lib" />
            </list>
          </value>
        </entry>
        <entry key="path_provider_windows">
          <value>
            <list>
              <option value="$PROJECT_DIR$/../../2_SDK/flutter_windows_2.10.5-stable/flutter/.pub-cache/hosted/pub.dartlang.org/path_provider_windows-2.0.7/lib" />
            </list>
          </value>
        </entry>
        <entry key="platform">
          <value>
            <list>
              <option value="$PROJECT_DIR$/../../2_SDK/flutter_windows_2.10.5-stable/flutter/.pub-cache/hosted/pub.dartlang.org/platform-3.1.0/lib" />
            </list>
          </value>
        </entry>
        <entry key="plugin_platform_interface">
          <value>
            <list>
              <option value="$PROJECT_DIR$/../../2_SDK/flutter_windows_2.10.5-stable/flutter/.pub-cache/hosted/pub.dartlang.org/plugin_platform_interface-2.1.3/lib" />
            </list>
          </value>
        </entry>
        <entry key="process">
          <value>
            <list>
              <option value="$PROJECT_DIR$/../../2_SDK/flutter_windows_2.10.5-stable/flutter/.pub-cache/hosted/pub.dartlang.org/process-4.2.4/lib" />
            </list>
          </value>
        </entry>
        <entry key="shared_preferences">
          <value>
            <list>
              <option value="$PROJECT_DIR$/../../2_SDK/flutter_windows_2.10.5-stable/flutter/.pub-cache/hosted/pub.dartlang.org/shared_preferences-2.0.15/lib" />
            </list>
          </value>
        </entry>
        <entry key="shared_preferences_android">
          <value>
            <list>
              <option value="$PROJECT_DIR$/../../2_SDK/flutter_windows_2.10.5-stable/flutter/.pub-cache/hosted/pub.dartlang.org/shared_preferences_android-2.0.14/lib" />
            </list>
          </value>
        </entry>
        <entry key="shared_preferences_ios">
          <value>
            <list>
              <option value="$PROJECT_DIR$/../../2_SDK/flutter_windows_2.10.5-stable/flutter/.pub-cache/hosted/pub.dartlang.org/shared_preferences_ios-2.1.1/lib" />
            </list>
          </value>
        </entry>
        <entry key="shared_preferences_linux">
          <value>
            <list>
              <option value="$PROJECT_DIR$/../../2_SDK/flutter_windows_2.10.5-stable/flutter/.pub-cache/hosted/pub.dartlang.org/shared_preferences_linux-2.1.1/lib" />
            </list>
          </value>
        </entry>
        <entry key="shared_preferences_macos">
          <value>
            <list>
              <option value="$PROJECT_DIR$/../../2_SDK/flutter_windows_2.10.5-stable/flutter/.pub-cache/hosted/pub.dartlang.org/shared_preferences_macos-2.0.4/lib" />
            </list>
          </value>
        </entry>
        <entry key="shared_preferences_platform_interface">
          <value>
            <list>
              <option value="$PROJECT_DIR$/../../2_SDK/flutter_windows_2.10.5-stable/flutter/.pub-cache/hosted/pub.dartlang.org/shared_preferences_platform_interface-2.1.0/lib" />
            </list>
          </value>
        </entry>
        <entry key="shared_preferences_web">
          <value>
            <list>
              <option value="$PROJECT_DIR$/../../2_SDK/flutter_windows_2.10.5-stable/flutter/.pub-cache/hosted/pub.dartlang.org/shared_preferences_web-2.0.4/lib" />
            </list>
          </value>
        </entry>
        <entry key="shared_preferences_windows">
          <value>
            <list>
              <option value="$PROJECT_DIR$/../../2_SDK/flutter_windows_2.10.5-stable/flutter/.pub-cache/hosted/pub.dartlang.org/shared_preferences_windows-2.1.1/lib" />
            </list>
          </value>
        </entry>
        <entry key="sky_engine">
          <value>
            <list>
              <option value="$PROJECT_DIR$/../../2_SDK/flutter_windows_2.10.5-stable/flutter/bin/cache/pkg/sky_engine/lib" />
            </list>
          </value>
        </entry>
        <entry key="source_span">
          <value>
            <list>
              <option value="$PROJECT_DIR$/../../2_SDK/flutter_windows_2.10.5-stable/flutter/.pub-cache/hosted/pub.dartlang.org/source_span-1.8.1/lib" />
            </list>
          </value>
        </entry>
        <entry key="stack_trace">
          <value>
            <list>
              <option value="$PROJECT_DIR$/../../2_SDK/flutter_windows_2.10.5-stable/flutter/.pub-cache/hosted/pub.dartlang.org/stack_trace-1.10.0/lib" />
            </list>
          </value>
        </entry>
        <entry key="stream_channel">
          <value>
            <list>
              <option value="$PROJECT_DIR$/../../2_SDK/flutter_windows_2.10.5-stable/flutter/.pub-cache/hosted/pub.dartlang.org/stream_channel-2.1.0/lib" />
            </list>
          </value>
        </entry>
        <entry key="string_scanner">
          <value>
            <list>
              <option value="$PROJECT_DIR$/../../2_SDK/flutter_windows_2.10.5-stable/flutter/.pub-cache/hosted/pub.dartlang.org/string_scanner-1.1.0/lib" />
            </list>
          </value>
        </entry>
        <entry key="term_glyph">
          <value>
            <list>
              <option value="$PROJECT_DIR$/../../2_SDK/flutter_windows_2.10.5-stable/flutter/.pub-cache/hosted/pub.dartlang.org/term_glyph-1.2.0/lib" />
            </list>
          </value>
        </entry>
        <entry key="test_api">
          <value>
            <list>
              <option value="$PROJECT_DIR$/../../2_SDK/flutter_windows_2.10.5-stable/flutter/.pub-cache/hosted/pub.dartlang.org/test_api-0.4.8/lib" />
            </list>
          </value>
        </entry>
        <entry key="typed_data">
          <value>
            <list>
              <option value="$PROJECT_DIR$/../../2_SDK/flutter_windows_2.10.5-stable/flutter/.pub-cache/hosted/pub.dartlang.org/typed_data-1.3.0/lib" />
            </list>
          </value>
        </entry>
        <entry key="vector_math">
          <value>
            <list>
              <option value="$PROJECT_DIR$/../../2_SDK/flutter_windows_2.10.5-stable/flutter/.pub-cache/hosted/pub.dartlang.org/vector_math-2.1.1/lib" />
            </list>
          </value>
        </entry>
        <entry key="win32">
          <value>
            <list>
              <option value="$PROJECT_DIR$/../../2_SDK/flutter_windows_2.10.5-stable/flutter/.pub-cache/hosted/pub.dartlang.org/win32-2.5.2/lib" />
            </list>
          </value>
        </entry>
        <entry key="xdg_directories">
          <value>
            <list>
              <option value="$PROJECT_DIR$/../../2_SDK/flutter_windows_2.10.5-stable/flutter/.pub-cache/hosted/pub.dartlang.org/xdg_directories-0.2.0+2/lib" />
            </list>
          </value>
        </entry>
      </option>
    </properties>
    <CLASSES>
      <root url="file://$PROJECT_DIR$/../../2_SDK/flutter_windows_2.10.5-stable/flutter/.pub-cache/git/flutter_zoom_drawer-c589284ded5936e900f5aeec3684342efba134d3//lib" />
      <root url="file://$PROJECT_DIR$/../../2_SDK/flutter_windows_2.10.5-stable/flutter/.pub-cache/hosted/pub.dartlang.org/async-2.8.2/lib" />
      <root url="file://$PROJECT_DIR$/../../2_SDK/flutter_windows_2.10.5-stable/flutter/.pub-cache/hosted/pub.dartlang.org/boolean_selector-2.1.0/lib" />
      <root url="file://$PROJECT_DIR$/../../2_SDK/flutter_windows_2.10.5-stable/flutter/.pub-cache/hosted/pub.dartlang.org/characters-1.2.0/lib" />
      <root url="file://$PROJECT_DIR$/../../2_SDK/flutter_windows_2.10.5-stable/flutter/.pub-cache/hosted/pub.dartlang.org/charcode-1.3.1/lib" />
      <root url="file://$PROJECT_DIR$/../../2_SDK/flutter_windows_2.10.5-stable/flutter/.pub-cache/hosted/pub.dartlang.org/clock-1.1.0/lib" />
      <root url="file://$PROJECT_DIR$/../../2_SDK/flutter_windows_2.10.5-stable/flutter/.pub-cache/hosted/pub.dartlang.org/collection-1.15.0/lib" />
      <root url="file://$PROJECT_DIR$/../../2_SDK/flutter_windows_2.10.5-stable/flutter/.pub-cache/hosted/pub.dartlang.org/crypto-3.0.2/lib" />
      <root url="file://$PROJECT_DIR$/../../2_SDK/flutter_windows_2.10.5-stable/flutter/.pub-cache/hosted/pub.dartlang.org/cupertino_icons-1.0.5/lib" />
      <root url="file://$PROJECT_DIR$/../../2_SDK/flutter_windows_2.10.5-stable/flutter/.pub-cache/hosted/pub.dartlang.org/easy_dialog-1.1.1/lib" />
      <root url="file://$PROJECT_DIR$/../../2_SDK/flutter_windows_2.10.5-stable/flutter/.pub-cache/hosted/pub.dartlang.org/fake_async-1.2.0/lib" />
      <root url="file://$PROJECT_DIR$/../../2_SDK/flutter_windows_2.10.5-stable/flutter/.pub-cache/hosted/pub.dartlang.org/ffi-1.2.1/lib" />
      <root url="file://$PROJECT_DIR$/../../2_SDK/flutter_windows_2.10.5-stable/flutter/.pub-cache/hosted/pub.dartlang.org/file-6.1.4/lib" />
      <root url="file://$PROJECT_DIR$/../../2_SDK/flutter_windows_2.10.5-stable/flutter/.pub-cache/hosted/pub.dartlang.org/flutter_easyloading-3.0.5/lib" />
      <root url="file://$PROJECT_DIR$/../../2_SDK/flutter_windows_2.10.5-stable/flutter/.pub-cache/hosted/pub.dartlang.org/flutter_lints-1.0.4/lib" />
      <root url="file://$PROJECT_DIR$/../../2_SDK/flutter_windows_2.10.5-stable/flutter/.pub-cache/hosted/pub.dartlang.org/flutter_screenutil-5.6.0/lib" />
      <root url="file://$PROJECT_DIR$/../../2_SDK/flutter_windows_2.10.5-stable/flutter/.pub-cache/hosted/pub.dartlang.org/flutter_spinkit-5.1.0/lib" />
      <root url="file://$PROJECT_DIR$/../../2_SDK/flutter_windows_2.10.5-stable/flutter/.pub-cache/hosted/pub.dartlang.org/get-4.6.5/lib" />
      <root url="file://$PROJECT_DIR$/../../2_SDK/flutter_windows_2.10.5-stable/flutter/.pub-cache/hosted/pub.dartlang.org/google_fonts-3.0.1/lib" />
      <root url="file://$PROJECT_DIR$/../../2_SDK/flutter_windows_2.10.5-stable/flutter/.pub-cache/hosted/pub.dartlang.org/http-0.13.5/lib" />
      <root url="file://$PROJECT_DIR$/../../2_SDK/flutter_windows_2.10.5-stable/flutter/.pub-cache/hosted/pub.dartlang.org/http_parser-4.0.2/lib" />
      <root url="file://$PROJECT_DIR$/../../2_SDK/flutter_windows_2.10.5-stable/flutter/.pub-cache/hosted/pub.dartlang.org/js-0.6.3/lib" />
      <root url="file://$PROJECT_DIR$/../../2_SDK/flutter_windows_2.10.5-stable/flutter/.pub-cache/hosted/pub.dartlang.org/lints-1.0.1/lib" />
      <root url="file://$PROJECT_DIR$/../../2_SDK/flutter_windows_2.10.5-stable/flutter/.pub-cache/hosted/pub.dartlang.org/matcher-0.12.11/lib" />
      <root url="file://$PROJECT_DIR$/../../2_SDK/flutter_windows_2.10.5-stable/flutter/.pub-cache/hosted/pub.dartlang.org/material_color_utilities-0.1.3/lib" />
      <root url="file://$PROJECT_DIR$/../../2_SDK/flutter_windows_2.10.5-stable/flutter/.pub-cache/hosted/pub.dartlang.org/meta-1.7.0/lib" />
      <root url="file://$PROJECT_DIR$/../../2_SDK/flutter_windows_2.10.5-stable/flutter/.pub-cache/hosted/pub.dartlang.org/path-1.8.0/lib" />
      <root url="file://$PROJECT_DIR$/../../2_SDK/flutter_windows_2.10.5-stable/flutter/.pub-cache/hosted/pub.dartlang.org/path_provider-2.0.11/lib" />
      <root url="file://$PROJECT_DIR$/../../2_SDK/flutter_windows_2.10.5-stable/flutter/.pub-cache/hosted/pub.dartlang.org/path_provider_android-2.0.21/lib" />
      <root url="file://$PROJECT_DIR$/../../2_SDK/flutter_windows_2.10.5-stable/flutter/.pub-cache/hosted/pub.dartlang.org/path_provider_ios-2.0.11/lib" />
      <root url="file://$PROJECT_DIR$/../../2_SDK/flutter_windows_2.10.5-stable/flutter/.pub-cache/hosted/pub.dartlang.org/path_provider_linux-2.1.7/lib" />
      <root url="file://$PROJECT_DIR$/../../2_SDK/flutter_windows_2.10.5-stable/flutter/.pub-cache/hosted/pub.dartlang.org/path_provider_macos-2.0.6/lib" />
      <root url="file://$PROJECT_DIR$/../../2_SDK/flutter_windows_2.10.5-stable/flutter/.pub-cache/hosted/pub.dartlang.org/path_provider_platform_interface-2.0.5/lib" />
      <root url="file://$PROJECT_DIR$/../../2_SDK/flutter_windows_2.10.5-stable/flutter/.pub-cache/hosted/pub.dartlang.org/path_provider_windows-2.0.7/lib" />
      <root url="file://$PROJECT_DIR$/../../2_SDK/flutter_windows_2.10.5-stable/flutter/.pub-cache/hosted/pub.dartlang.org/platform-3.1.0/lib" />
      <root url="file://$PROJECT_DIR$/../../2_SDK/flutter_windows_2.10.5-stable/flutter/.pub-cache/hosted/pub.dartlang.org/plugin_platform_interface-2.1.3/lib" />
      <root url="file://$PROJECT_DIR$/../../2_SDK/flutter_windows_2.10.5-stable/flutter/.pub-cache/hosted/pub.dartlang.org/process-4.2.4/lib" />
      <root url="file://$PROJECT_DIR$/../../2_SDK/flutter_windows_2.10.5-stable/flutter/.pub-cache/hosted/pub.dartlang.org/shared_preferences-2.0.15/lib" />
      <root url="file://$PROJECT_DIR$/../../2_SDK/flutter_windows_2.10.5-stable/flutter/.pub-cache/hosted/pub.dartlang.org/shared_preferences_android-2.0.14/lib" />
      <root url="file://$PROJECT_DIR$/../../2_SDK/flutter_windows_2.10.5-stable/flutter/.pub-cache/hosted/pub.dartlang.org/shared_preferences_ios-2.1.1/lib" />
      <root url="file://$PROJECT_DIR$/../../2_SDK/flutter_windows_2.10.5-stable/flutter/.pub-cache/hosted/pub.dartlang.org/shared_preferences_linux-2.1.1/lib" />
      <root url="file://$PROJECT_DIR$/../../2_SDK/flutter_windows_2.10.5-stable/flutter/.pub-cache/hosted/pub.dartlang.org/shared_preferences_macos-2.0.4/lib" />
      <root url="file://$PROJECT_DIR$/../../2_SDK/flutter_windows_2.10.5-stable/flutter/.pub-cache/hosted/pub.dartlang.org/shared_preferences_platform_interface-2.1.0/lib" />
      <root url="file://$PROJECT_DIR$/../../2_SDK/flutter_windows_2.10.5-stable/flutter/.pub-cache/hosted/pub.dartlang.org/shared_preferences_web-2.0.4/lib" />
      <root url="file://$PROJECT_DIR$/../../2_SDK/flutter_windows_2.10.5-stable/flutter/.pub-cache/hosted/pub.dartlang.org/shared_preferences_windows-2.1.1/lib" />
      <root url="file://$PROJECT_DIR$/../../2_SDK/flutter_windows_2.10.5-stable/flutter/.pub-cache/hosted/pub.dartlang.org/source_span-1.8.1/lib" />
      <root url="file://$PROJECT_DIR$/../../2_SDK/flutter_windows_2.10.5-stable/flutter/.pub-cache/hosted/pub.dartlang.org/stack_trace-1.10.0/lib" />
      <root url="file://$PROJECT_DIR$/../../2_SDK/flutter_windows_2.10.5-stable/flutter/.pub-cache/hosted/pub.dartlang.org/stream_channel-2.1.0/lib" />
      <root url="file://$PROJECT_DIR$/../../2_SDK/flutter_windows_2.10.5-stable/flutter/.pub-cache/hosted/pub.dartlang.org/string_scanner-1.1.0/lib" />
      <root url="file://$PROJECT_DIR$/../../2_SDK/flutter_windows_2.10.5-stable/flutter/.pub-cache/hosted/pub.dartlang.org/term_glyph-1.2.0/lib" />
      <root url="file://$PROJECT_DIR$/../../2_SDK/flutter_windows_2.10.5-stable/flutter/.pub-cache/hosted/pub.dartlang.org/test_api-0.4.8/lib" />
      <root url="file://$PROJECT_DIR$/../../2_SDK/flutter_windows_2.10.5-stable/flutter/.pub-cache/hosted/pub.dartlang.org/typed_data-1.3.0/lib" />
      <root url="file://$PROJECT_DIR$/../../2_SDK/flutter_windows_2.10.5-stable/flutter/.pub-cache/hosted/pub.dartlang.org/vector_math-2.1.1/lib" />
      <root url="file://$PROJECT_DIR$/../../2_SDK/flutter_windows_2.10.5-stable/flutter/.pub-cache/hosted/pub.dartlang.org/win32-2.5.2/lib" />
      <root url="file://$PROJECT_DIR$/../../2_SDK/flutter_windows_2.10.5-stable/flutter/.pub-cache/hosted/pub.dartlang.org/xdg_directories-0.2.0+2/lib" />
      <root url="file://$PROJECT_DIR$/../../2_SDK/flutter_windows_2.10.5-stable/flutter/bin/cache/pkg/sky_engine/lib" />
      <root url="file://$PROJECT_DIR$/../../2_SDK/flutter_windows_2.10.5-stable/flutter/packages/flutter/lib" />
      <root url="file://$PROJECT_DIR$/../../2_SDK/flutter_windows_2.10.5-stable/flutter/packages/flutter_test/lib" />
      <root url="file://$PROJECT_DIR$/../../2_SDK/flutter_windows_2.10.5-stable/flutter/packages/flutter_web_plugins/lib" />
    </CLASSES>
    <JAVADOC />
    <SOURCES />
  </library>
</component>