<component name="libraryTable">
  <library name="Flutter Plugins" type="FlutterPluginsLibraryType">
    <CLASSES>
      <root url="file://$PROJECT_DIR$/../../2_SDK/flutter_windows_2.10.5-stable/flutter/.pub-cache/hosted/pub.dartlang.org/shared_preferences_ios-2.1.1" />
      <root url="file://$PROJECT_DIR$/../../2_SDK/flutter_windows_2.10.5-stable/flutter/.pub-cache/hosted/pub.dartlang.org/shared_preferences_android-2.0.14" />
      <root url="file://$PROJECT_DIR$/../../2_SDK/flutter_windows_2.10.5-stable/flutter/.pub-cache/hosted/pub.dartlang.org/shared_preferences_macos-2.0.4" />
      <root url="file://$PROJECT_DIR$/../../2_SDK/flutter_windows_2.10.5-stable/flutter/.pub-cache/hosted/pub.dartlang.org/shared_preferences_windows-2.1.1" />
      <root url="file://$PROJECT_DIR$/../../2_SDK/flutter_windows_2.10.5-stable/flutter/.pub-cache/hosted/pub.dartlang.org/path_provider_linux-2.1.7" />
      <root url="file://$PROJECT_DIR$/../../2_SDK/flutter_windows_2.10.5-stable/flutter/.pub-cache/hosted/pub.dartlang.org/shared_preferences_linux-2.1.1" />
      <root url="file://$PROJECT_DIR$/../../2_SDK/flutter_windows_2.10.5-stable/flutter/.pub-cache/hosted/pub.dartlang.org/shared_preferences-2.0.15" />
      <root url="file://$PROJECT_DIR$/../../2_SDK/flutter_windows_2.10.5-stable/flutter/.pub-cache/hosted/pub.dartlang.org/shared_preferences_web-2.0.4" />
      <root url="file://$PROJECT_DIR$/../../2_SDK/flutter_windows_2.10.5-stable/flutter/.pub-cache/hosted/pub.dartlang.org/path_provider_windows-2.0.7" />
      <root url="file://$PROJECT_DIR$/../../2_SDK/flutter_windows_2.10.5-stable/flutter/.pub-cache/hosted/pub.dartlang.org/path_provider_ios-2.0.11" />
      <root url="file://$PROJECT_DIR$/../../2_SDK/flutter_windows_2.10.5-stable/flutter/.pub-cache/hosted/pub.dartlang.org/path_provider_android-2.0.21" />
      <root url="file://$PROJECT_DIR$/../../2_SDK/flutter_windows_2.10.5-stable/flutter/.pub-cache/hosted/pub.dartlang.org/path_provider_macos-2.0.6" />
      <root url="file://$PROJECT_DIR$/../../2_SDK/flutter_windows_2.10.5-stable/flutter/.pub-cache/hosted/pub.dartlang.org/path_provider-2.0.11" />
    </CLASSES>
    <JAVADOC />
    <SOURCES />
  </library>
</component>