<?xml version="1.0" encoding="UTF-8"?>
<project version="4">
  <component name="AndroidLayouts">
    <shared>
      <config />
    </shared>
  </component>
  <component name="AutoImportSettings">
    <option name="autoReloadType" value="NONE" />
  </component>
  <component name="ChangeListManager">
    <list default="true" id="4225f964-e103-4e3b-baa1-afd93a195f1d" name="Changes" comment="" />
    <option name="SHOW_DIALOG" value="false" />
    <option name="HIGHLIGHT_CONFLICTS" value="true" />
    <option name="HIGHLIGHT_NON_ACTIVE_CHANGELIST" value="false" />
    <option name="LAST_RESOLUTION" value="IGNORE" />
  </component>
  <component name="FileTemplateManagerImpl">
    <option name="RECENT_TEMPLATES">
      <list>
        <option value="Dart File" />
      </list>
    </option>
  </component>
  <component name="GitSEFilterConfiguration">
    <file-type-list>
      <filtered-out-file-type name="LOCAL_BRANCH" />
      <filtered-out-file-type name="REMOTE_BRANCH" />
      <filtered-out-file-type name="TAG" />
      <filtered-out-file-type name="COMMIT_BY_MESSAGE" />
    </file-type-list>
  </component>
  <component name="ProblemsViewState">
    <option name="selectedIndex" value="2" />
  </component>
  <component name="ProjectId" id="2Gr6oc3t3gaVwSKoutAptWFa7Hz" />
  <component name="ProjectViewState">
    <option name="hideEmptyMiddlePackages" value="true" />
    <option name="showLibraryContents" value="true" />
  </component>
  <component name="PropertiesComponent">
    <property name="RunOnceActivity.OpenProjectViewOnStart" value="true" />
    <property name="RunOnceActivity.ShowReadmeOnStart" value="true" />
    <property name="RunOnceActivity.cidr.known.project.marker" value="true" />
    <property name="cidr.known.project.marker" value="true" />
    <property name="dart.analysis.tool.window.visible" value="false" />
    <property name="io.flutter.reload.alreadyRun" value="true" />
    <property name="last_opened_file_path" value="$PROJECT_DIR$/assets/images" />
    <property name="project.structure.last.edited" value="Modules" />
    <property name="project.structure.proportion" value="0.17" />
    <property name="project.structure.side.proportion" value="0.2" />
    <property name="run.code.analysis.last.selected.profile" value="pProject Default" />
    <property name="settings.editor.selected.configurable" value="emulator" />
    <property name="show.migrate.to.gradle.popup" value="false" />
  </component>
  <component name="RecentsManager">
    <key name="CopyFile.RECENT_KEYS">
      <recent name="D:\3_Project\ffpo_app\assets\images" />
      <recent name="D:\3_Project\ffpo_app\android\app\src\main\res\mipmap-xxxhdpi" />
      <recent name="D:\3_Project\ffpo_app\android\app\src\main\res\mipmap-xxhdpi" />
      <recent name="D:\3_Project\ffpo_app\android\app\src\main\res\mipmap-xhdpi" />
      <recent name="D:\3_Project\ffpo_app\android\app\src\main\res\mipmap-mdpi" />
    </key>
    <key name="MoveFile.RECENT_KEYS">
      <recent name="D:\3_Project\ffpo_app\assets\fonts" />
    </key>
  </component>
  <component name="RunManager">
    <configuration name="main.dart" type="FlutterRunConfigurationType" factoryName="Flutter">
      <option name="filePath" value="$PROJECT_DIR$/lib/main.dart" />
      <method v="2" />
    </configuration>
  </component>
  <component name="SpellCheckerSettings" RuntimeDictionaries="0" Folders="0" CustomDictionaries="0" DefaultDictionary="application-level" UseSingleDictionary="true" transferred="true" />
  <component name="TaskManager">
    <task active="true" id="Default" summary="Default task">
      <changelist id="4225f964-e103-4e3b-baa1-afd93a195f1d" name="Changes" comment="" />
      <created>1667134541313</created>
      <option name="number" value="Default" />
      <option name="presentableId" value="Default" />
      <updated>1667134541313</updated>
    </task>
    <servers />
  </component>
</project>